{
  "code":200,
  "data":{
    "total":0,
    "newClash":[
      {
        "assistantIds":"1",
        "beginTime":"2019-03-28 15:00:00",
        "clashType":0,
        "classEntity":Object{...},
      "classId":1,
      "classSubjectId":1,
      "classroomEntity":{
        "companyEntity":{
          "companyId":1,
          "name":"邯郸计算机培训学院",
          "orgId":1,
          "orgName":"邯郸计算机培训学院",
          "parentOrgId":0
        },
        "id":1,
        "name":"教室1",
        "tails":{

        }
      },
      "classroomId":1,
      "companyEntity":{
        "companyId":1,
        "name":"邯郸计算机培训学院",
        "orgId":1,
        "orgName":"邯郸计算机培训学院",
        "parentOrgId":0
      },
      "companyId":1,
      "createStaffId":1,
      "createTime":"2019-03-18 22:12:00",
      "duration":45,
      "endTime":"2019-03-28 15:45:00",
      "id":"1107644068483039232",
      "status":0,
      "subjectEntity":{
        "courseEntity":{
          "id":1,
          "name":"语文",
          "tails":{

          },
          "type":"1"
        },
        "courseId":1,
        "id":1,
        "subjectId":1,
        "tails":{

        }
      },
      "tails":{

      },
      "teacherEntity":{
        "accId":"1031877416689074176",
        "companyId":1,
        "departmentId":"1024898695888400401",
        "id":1,
        "infoEntity":{
          "accId":"1031877416689074176",
          "id":"1014084401706827776",
          "mobile":"13800138001",
          "nickName":"卓校长啊",
          "realName":"卓冲"
        },
        "tails":{

        },
        "topCompanyId":1
      },
      "teacherId":1,
      "topCompanyId":1
      },
      {
        "assistantIds":"1",
        "beginTime":"2019-03-29 15:00:00",
        "clashType":0,
        "classEntity":{
          "classNo":"111",
          "companyEntity":{
            "companyId":1,
            "name":"邯郸计算机培训学院",
            "orgId":1,
            "orgName":"邯郸计算机培训学院",
            "parentOrgId":0
          },
          "id":1,
          "name":"vvv",
          "tails":{

          }
        },
        "classId":1,
        "classSubjectId":1,
        "classroomEntity":{
          "companyEntity":{
            "companyId":1,
            "name":"邯郸计算机培训学院",
            "orgId":1,
            "orgName":"邯郸计算机培训学院",
            "parentOrgId":0
          },
          "id":1,
          "name":"教室1",
          "tails":{

          }
        },
        "classroomId":1,
        "companyEntity":{
          "companyId":1,
          "name":"邯郸计算机培训学院",
          "orgId":1,
          "orgName":"邯郸计算机培训学院",
          "parentOrgId":0
        },
        "companyId":1,
        "createStaffId":1,
        "createTime":"2019-03-18 22:12:00",
        "duration":45,
        "endTime":"2019-03-29 15:45:00",
        "id":"1107644071024787456",
        "status":0,
        "subjectEntity":{
          "courseEntity":{
            "id":1,
            "name":"语文",
            "tails":{

            },
            "type":"1"
          },
          "courseId":1,
          "id":1,
          "subjectId":1,
          "tails":{

          }
        },
        "tails":{

        },
        "teacherEntity":{
          "accId":"1031877416689074176",
          "companyId":1,
          "departmentId":"1024898695888400401",
          "id":1,
          "infoEntity":{
            "accId":"1031877416689074176",
            "id":"1014084401706827776",
            "mobile":"13800138001",
            "nickName":"卓校长啊",
            "realName":"卓冲"
          },
          "tails":{

          },
          "topCompanyId":1
        },
        "teacherId":1,
        "topCompanyId":1
      },
      {
        "assistantIds":"1",
        "beginTime":"2019-03-30 15:00:00",
        "clashType":0,
        "classEntity":{
          "classNo":"111",
          "companyEntity":{
            "companyId":1,
            "name":"邯郸计算机培训学院",
            "orgId":1,
            "orgName":"邯郸计算机培训学院",
            "parentOrgId":0
          },
          "id":1,
          "name":"vvv",
          "tails":{

          }
        },
        "classId":1,
        "classSubjectId":1,
        "classroomEntity":{
          "companyEntity":{
            "companyId":1,
            "name":"邯郸计算机培训学院",
            "orgId":1,
            "orgName":"邯郸计算机培训学院",
            "parentOrgId":0
          },
          "id":1,
          "name":"教室1",
          "tails":{

          }
        },
        "classroomId":1,
        "companyEntity":{
          "companyId":1,
          "name":"邯郸计算机培训学院",
          "orgId":1,
          "orgName":"邯郸计算机培训学院",
          "parentOrgId":0
        },
        "companyId":1,
        "createStaffId":1,
        "createTime":"2019-03-18 22:12:00",
        "duration":45,
        "endTime":"2019-03-30 15:45:00",
        "id":"1107644071272251392",
        "status":0,
        "subjectEntity":{
          "courseEntity":{
            "id":1,
            "name":"语文",
            "tails":{

            },
            "type":"1"
          },
          "courseId":1,
          "id":1,
          "subjectId":1,
          "tails":{

          }
        },
        "tails":{

        },
        "teacherEntity":{
          "accId":"1031877416689074176",
          "companyId":1,
          "departmentId":"1024898695888400401",
          "id":1,
          "infoEntity":{
            "accId":"1031877416689074176",
            "id":"1014084401706827776",
            "mobile":"13800138001",
            "nickName":"卓校长啊",
            "realName":"卓冲"
          },
          "tails":{

          },
          "topCompanyId":1
        },
        "teacherId":1,
        "topCompanyId":1
      }
    ],
    "clash":1,
    "oldClash":[
      {
        "assistantIds":"1",
        "beginTime":"2019-03-28 15:00:00",
        "clashType":0,
        "classEntity":{
          "classNo":"111",
          "id":1,
          "name":"vvv",
          "tails":{

          }
        },
        "classId":1,
        "classSubjectId":1,
        "classroomEntity":{
          "id":1,
          "name":"教室1",
          "tails":{

          }
        },
        "classroomId":1,
        "companyEntity":{
          "companyId":1,
          "name":"邯郸计算机培训学院",
          "orgId":1,
          "orgName":"邯郸计算机培训学院",
          "parentOrgId":0
        },
        "companyId":1,
        "createStaffId":1,
        "createTime":"2019-03-18 22:04:58",
        "duration":60,
        "endTime":"2019-03-28 16:00:00",
        "id":"1107644068483039232",
        "status":0,
        "subjectEntity":{
          "courseEntity":{
            "id":1,
            "name":"语文",
            "tails":{

            },
            "type":"1"
          },
          "courseId":1,
          "id":1,
          "subjectId":1,
          "tails":{

          }
        },
        "tails":{

        },
        "teacherEntity":{
          "accId":"1031877416689074176",
          "companyId":1,
          "departmentId":"1024898695888400401",
          "id":1,
          "infoEntity":{
            "accId":"1031877416689074176",
            "id":"1014084401706827776",
            "mobile":"13800138001",
            "nickName":"卓校长啊",
            "realName":"卓冲"
          },
          "tails":{

          },
          "topCompanyId":1
        },
        "teacherId":1,
        "topCompanyId":1
      },
      {
        "assistantIds":"1",
        "beginTime":"2019-03-29 15:00:00",
        "clashType":0,
        "classEntity":{
          "classNo":"111",
          "id":1,
          "name":"vvv",
          "tails":{

          }
        },
        "classId":1,
        "classSubjectId":1,
        "classroomEntity":{
          "id":1,
          "name":"教室1",
          "tails":{

          }
        },
        "classroomId":1,
        "companyEntity":{
          "companyId":1,
          "name":"邯郸计算机培训学院",
          "orgId":1,
          "orgName":"邯郸计算机培训学院",
          "parentOrgId":0
        },
        "companyId":1,
        "createStaffId":1,
        "createTime":"2019-03-18 22:04:58",
        "duration":60,
        "endTime":"2019-03-29 16:00:00",
        "id":"1107644071024787456",
        "status":0,
        "subjectEntity":{
          "courseEntity":{
            "id":1,
            "name":"语文",
            "tails":{

            },
            "type":"1"
          },
          "courseId":1,
          "id":1,
          "subjectId":1,
          "tails":{

          }
        },
        "tails":{

        },
        "teacherEntity":{
          "accId":"1031877416689074176",
          "companyId":1,
          "departmentId":"1024898695888400401",
          "id":1,
          "infoEntity":{
            "accId":"1031877416689074176",
            "id":"1014084401706827776",
            "mobile":"13800138001",
            "nickName":"卓校长啊",
            "realName":"卓冲"
          },
          "tails":{

          },
          "topCompanyId":1
        },
        "teacherId":1,
        "topCompanyId":1
      },
      {
        "assistantIds":"1",
        "beginTime":"2019-03-30 15:00:00",
        "clashType":0,
        "classEntity":{
          "classNo":"111",
          "id":1,
          "name":"vvv",
          "tails":{

          }
        },
        "classId":1,
        "classSubjectId":1,
        "classroomEntity":{
          "id":1,
          "name":"教室1",
          "tails":{

          }
        },
        "classroomId":1,
        "companyEntity":{
          "companyId":1,
          "name":"邯郸计算机培训学院",
          "orgId":1,
          "orgName":"邯郸计算机培训学院",
          "parentOrgId":0
        },
        "companyId":1,
        "createStaffId":1,
        "createTime":"2019-03-18 22:04:59",
        "duration":60,
        "endTime":"2019-03-30 16:00:00",
        "id":"1107644071272251392",
        "status":0,
        "subjectEntity":{
          "courseEntity":{
            "id":1,
            "name":"语文",
            "tails":{

            },
            "type":"1"
          },
          "courseId":1,
          "id":1,
          "subjectId":1,
          "tails":{

          }
        },
        "tails":{

        },
        "teacherEntity":{
          "accId":"1031877416689074176",
          "companyId":1,
          "departmentId":"1024898695888400401",
          "id":1,
          "infoEntity":{
            "accId":"1031877416689074176",
            "id":"1014084401706827776",
            "mobile":"13800138001",
            "nickName":"卓校长啊",
            "realName":"卓冲"
          },
          "tails":{

          },
          "topCompanyId":1
        },
        "teacherId":1,
        "topCompanyId":1
      }
    ]
  },
  "msg":"请求成功"
}