{
  "code":200,
  "data":[
    {
      "assistantIds":"1",
      "beginTime":"2019-01-10 00:30:00",
      "classEntity":{
        "classNo":"111",
        "id":1,
        "name":"vvv",
        "tails":{

        }
      },
      "classId":1,
      "classSubjectId":1,
      "classroomEntity":{
        "id":1,
        "name":"教室1"
      },
      "classroomId":1,
      "companyEntity":{
        "companyId":1,
        "name":"邯郸计算机培训学院",
        "orgId":1,
        "orgName":"邯郸计算机培训学院",
        "parentOrgId":0
      },
      "companyId":1,
      "createStaffId":1,
      "createTime":"2019-01-10 07:23:15",
      "duration":45,
      "editStaffId":1,
      "editTime":"2019-01-10 07:23:20",
      "endTime":"2019-01-10 01:15:00",
      "id":1,
      "rest":1,
      "status":0,
      "subjectEntity":{
        "courseEntity":{
          "id":1,
          "name":"语文",
          "tails":{

          },
          "type":"1"
        },
        "courseId":1,
        "id":1,
        "subjectId":1,
        "tails":{

        }
      },
      "tails":{

      },
      "teacherEntity":{
        "accId":"1031877416689074176",
        "companyId":1,
        "departmentId":"1024898695888400401",
        "id":1,
        "infoEntity":{
          "accId":"1031877416689074176",
          "id":"1014084401706827776",
          "mobile":"13800138001",
          "nickName":"卓校长啊",
          "realName":"卓冲"
        },
        "tails":{

        },
        "topCompanyId":1
      },
      "teacherId":1,
      "topCompanyId":1
    }
  ],
  "msg":"请求成功"
}